{"assets/data/csgo_schinese.json":["assets/data/csgo_schinese.json"],"assets/data/items_game.json":["assets/data/items_game.json"],"assets/fonts/SourceHanSansSC-Light.otf":["assets/fonts/SourceHanSansSC-Light.otf"],"assets/fonts/SourceHanSansSC-Medium.otf":["assets/fonts/SourceHanSansSC-Medium.otf"],"assets/fonts/SourceHanSansSC-Normal.otf":["assets/fonts/SourceHanSansSC-Normal.otf"],"assets/images/app_icon_appid_csgo.svg":["assets/images/app_icon_appid_csgo.svg"],"assets/images/app_icon_appid_dota2.svg":["assets/images/app_icon_appid_dota2.svg"],"assets/images/app_icon_buff.png":["assets/images/app_icon_buff.png"],"assets/images/app_icon_c5.png":["assets/images/app_icon_c5.png"],"assets/images/app_icon_fangwenjilu.svg":["assets/images/app_icon_fangwenjilu.svg"],"assets/images/app_icon_kaobei.svg":["assets/images/app_icon_kaobei.svg"],"assets/images/app_icon_shanchu.svg":["assets/images/app_icon_shanchu.svg"],"assets/images/app_icon_uu.png":["assets/images/app_icon_uu.png"],"assets/images/app_icon_xiugaimima.svg":["assets/images/app_icon_xiugaimima.svg"],"assets/images/app_icon_zidongfahuo.svg":["assets/images/app_icon_zidongfahuo.svg"],"assets/images/app_login_icon_code.png":["assets/images/app_login_icon_code.png"],"assets/images/app_login_icon_phone.png":["assets/images/app_login_icon_phone.png"],"assets/images/compoent_edit.svg":["assets/images/compoent_edit.svg"],"assets/images/csgo_wear_colors.png":["assets/images/csgo_wear_colors.png"],"assets/images/game_icon_csgo.svg":["assets/images/game_icon_csgo.svg"],"assets/images/game_icon_dota2.svg":["assets/images/game_icon_dota2.svg"],"assets/images/ic_filter.png":["assets/images/ic_filter.png"],"assets/images/ic_filter_gray.png":["assets/images/ic_filter_gray.png"],"assets/images/ic_maximize.svg":["assets/images/ic_maximize.svg"],"assets/images/ic_refresh.svg":["assets/images/ic_refresh.svg"],"assets/images/ic_unmaximize.svg":["assets/images/ic_unmaximize.svg"],"assets/images/icon_account_item_add.svg":["assets/images/icon_account_item_add.svg"],"assets/images/icon_account_item_clock.svg":["assets/images/icon_account_item_clock.svg"],"assets/images/icon_account_item_copy.svg":["assets/images/icon_account_item_copy.svg"],"assets/images/icon_account_item_down_arrow.svg":["assets/images/icon_account_item_down_arrow.svg"],"assets/images/icon_account_item_edit.svg":["assets/images/icon_account_item_edit.svg"],"assets/images/icon_account_item_purse.svg":["assets/images/icon_account_item_purse.svg"],"assets/images/icon_account_item_refresh.svg":["assets/images/icon_account_item_refresh.svg"],"assets/images/icon_account_item_setting.svg":["assets/images/icon_account_item_setting.svg"],"assets/images/icon_account_item_steam.svg":["assets/images/icon_account_item_steam.svg"],"assets/images/icon_account_manager.svg":["assets/images/icon_account_manager.svg"],"assets/images/icon_account_sort_all.svg":["assets/images/icon_account_sort_all.svg"],"assets/images/icon_account_title.png":["assets/images/icon_account_title.png"],"assets/images/icon_app_change_password.svg":["assets/images/icon_app_change_password.svg"],"assets/images/icon_app_go_home.svg":["assets/images/icon_app_go_home.svg"],"assets/images/icon_arrow_left.svg":["assets/images/icon_arrow_left.svg"],"assets/images/icon_arrow_right.svg":["assets/images/icon_arrow_right.svg"],"assets/images/icon_buff.png":["assets/images/icon_buff.png"],"assets/images/icon_c5.png":["assets/images/icon_c5.png"],"assets/images/icon_change.svg":["assets/images/icon_change.svg"],"assets/images/icon_clean.svg":["assets/images/icon_clean.svg"],"assets/images/icon_cloud.svg":["assets/images/icon_cloud.svg"],"assets/images/icon_cloud_conflict_cloud.svg":["assets/images/icon_cloud_conflict_cloud.svg"],"assets/images/icon_cloud_conflict_local.svg":["assets/images/icon_cloud_conflict_local.svg"],"assets/images/icon_cloud_desc_account.svg":["assets/images/icon_cloud_desc_account.svg"],"assets/images/icon_cloud_desc_mulit_platform.svg":["assets/images/icon_cloud_desc_mulit_platform.svg"],"assets/images/icon_cloud_sync_open.svg":["assets/images/icon_cloud_sync_open.svg"],"assets/images/icon_delete.svg":["assets/images/icon_delete.svg"],"assets/images/icon_delete_account.svg":["assets/images/icon_delete_account.svg"],"assets/images/icon_down_arrow.svg":["assets/images/icon_down_arrow.svg"],"assets/images/icon_edit.svg":["assets/images/icon_edit.svg"],"assets/images/icon_empty.svg":["assets/images/icon_empty.svg"],"assets/images/icon_empty_confirm.svg":["assets/images/icon_empty_confirm.svg"],"assets/images/icon_empty_sale.svg":["assets/images/icon_empty_sale.svg"],"assets/images/icon_empty_search.svg":["assets/images/icon_empty_search.svg"],"assets/images/icon_empty_tradeoffer.svg":["assets/images/icon_empty_tradeoffer.svg"],"assets/images/icon_error_network.svg":["assets/images/icon_error_network.svg"],"assets/images/icon_error_request.svg":["assets/images/icon_error_request.svg"],"assets/images/icon_fraudwarning.png":["assets/images/icon_fraudwarning.png"],"assets/images/icon_grey_close.svg":["assets/images/icon_grey_close.svg"],"assets/images/icon_igxe.png":["assets/images/icon_igxe.png"],"assets/images/icon_input_search.svg":["assets/images/icon_input_search.svg"],"assets/images/icon_inspect_background_image.png":["assets/images/icon_inspect_background_image.png"],"assets/images/icon_inspect_icon.svg":["assets/images/icon_inspect_icon.svg"],"assets/images/icon_inspect_pic_2D.svg":["assets/images/icon_inspect_pic_2D.svg"],"assets/images/icon_item_grew_selected.svg":["assets/images/icon_item_grew_selected.svg"],"assets/images/icon_item_superposition.png":["assets/images/icon_item_superposition.png"],"assets/images/icon_merge.svg":["assets/images/icon_merge.svg"],"assets/images/icon_minimize.svg":["assets/images/icon_minimize.svg"],"assets/images/icon_more.svg":["assets/images/icon_more.svg"],"assets/images/icon_password_close.svg":["assets/images/icon_password_close.svg"],"assets/images/icon_password_invisible.png":["assets/images/icon_password_invisible.png"],"assets/images/icon_password_show.svg":["assets/images/icon_password_show.svg"],"assets/images/icon_password_visible.png":["assets/images/icon_password_visible.png"],"assets/images/icon_pin.svg":["assets/images/icon_pin.svg"],"assets/images/icon_pin_d.svg":["assets/images/icon_pin_d.svg"],"assets/images/icon_question_mark.svg":["assets/images/icon_question_mark.svg"],"assets/images/icon_question_mark_new.svg":["assets/images/icon_question_mark_new.svg"],"assets/images/icon_sale_buff_icon.svg":["assets/images/icon_sale_buff_icon.svg"],"assets/images/icon_sale_c5_icon.svg":["assets/images/icon_sale_c5_icon.svg"],"assets/images/icon_sale_steam_icon.svg":["assets/images/icon_sale_steam_icon.svg"],"assets/images/icon_sale_third_icon.svg":["assets/images/icon_sale_third_icon.svg"],"assets/images/icon_sale_uu_icon.svg":["assets/images/icon_sale_uu_icon.svg"],"assets/images/icon_settings_menu_settings.svg":["assets/images/icon_settings_menu_settings.svg"],"assets/images/icon_trade_colddown.svg":["assets/images/icon_trade_colddown.svg"],"assets/images/icon_unbindToken.svg":["assets/images/icon_unbindToken.svg"],"assets/images/icon_up_arrow.svg":["assets/images/icon_up_arrow.svg"],"assets/images/icon_uu.png":["assets/images/icon_uu.png"],"assets/images/icon_wallet.svg":["assets/images/icon_wallet.svg"],"assets/images/icon_warning.svg":["assets/images/icon_warning.svg"],"assets/images/icon_watting_steam_confirm.png":["assets/images/icon_watting_steam_confirm.png"],"assets/images/icon_white_close.svg":["assets/images/icon_white_close.svg"],"assets/images/icons/icon-1024x1024.png":["assets/images/icons/icon-1024x1024.png"],"assets/images/icons/icon-64x64.png":["assets/images/icons/icon-64x64.png"],"assets/images/icons/icon-72x72.png":["assets/images/icons/icon-72x72.png"],"assets/images/icons/icon_logo_512.png":["assets/images/icons/icon_logo_512.png"],"assets/images/icons/moss-256.ico":["assets/images/icons/moss-256.ico"],"assets/images/icons/tray_icon_original.png":["assets/images/icons/tray_icon_original.png"],"assets/images/icons/tray_icon_original_ico.ico":["assets/images/icons/tray_icon_original_ico.ico"],"assets/images/item_bg.jpg":["assets/images/item_bg.jpg"],"assets/images/logo.png":["assets/images/logo.png"],"assets/images/nsda_icon_person_avater.png":["assets/images/nsda_icon_person_avater.png"],"assets/images/nsda_icon_person_id.png":["assets/images/nsda_icon_person_id.png"],"assets/images/nsda_icon_person_nickname.png":["assets/images/nsda_icon_person_nickname.png"],"assets/images/nsda_icon_person_password.png":["assets/images/nsda_icon_person_password.png"],"assets/images/nsda_icon_person_phonenum.png":["assets/images/nsda_icon_person_phonenum.png"],"assets/images/nsda_menu_icon_cloud.svg":["assets/images/nsda_menu_icon_cloud.svg"],"assets/images/nsda_menu_icon_eidt_person.svg":["assets/images/nsda_menu_icon_eidt_person.svg"],"assets/images/nsda_menu_icon_exit.svg":["assets/images/nsda_menu_icon_exit.svg"],"assets/images/nsda_user_icon.svg":["assets/images/nsda_user_icon.svg"],"assets/images/nsdalogo_grey.png":["assets/images/nsdalogo_grey.png"],"assets/images/shangcheng.svg":["assets/images/shangcheng.svg"],"assets/images/steam_account_list_item_buff.png":["assets/images/steam_account_list_item_buff.png"],"assets/images/steam_account_list_item_c5.png":["assets/images/steam_account_list_item_c5.png"],"assets/images/steam_account_list_item_id.svg":["assets/images/steam_account_list_item_id.svg"],"assets/images/steam_account_list_item_yoyo.png":["assets/images/steam_account_list_item_yoyo.png"],"assets/images/tab_icon_account.svg":["assets/images/tab_icon_account.svg"],"assets/images/tab_icon_confirm.svg":["assets/images/tab_icon_confirm.svg"],"assets/images/tab_icon_inventory.svg":["assets/images/tab_icon_inventory.svg"],"assets/images/tab_icon_offer.svg":["assets/images/tab_icon_offer.svg"],"assets/images/tab_icon_sale.svg":["assets/images/tab_icon_sale.svg"],"assets/images/triangle_white.png":["assets/images/triangle_white.png"],"assets/images/warning_filling.svg":["assets/images/warning_filling.svg"],"assets/images/zhankaijiantou.svg":["assets/images/zhankaijiantou.svg"],"assets/images/zidongfahuo.svg":["assets/images/zidongfahuo.svg"],"packages/cupertino_icons/assets/CupertinoIcons.ttf":["packages/cupertino_icons/assets/CupertinoIcons.ttf"],"packages/wakelock_web/assets/no_sleep.js":["packages/wakelock_web/assets/no_sleep.js"],"packages/window_manager/images/ic_chrome_close.png":["packages/window_manager/images/ic_chrome_close.png"],"packages/window_manager/images/ic_chrome_maximize.png":["packages/window_manager/images/ic_chrome_maximize.png"],"packages/window_manager/images/ic_chrome_minimize.png":["packages/window_manager/images/ic_chrome_minimize.png"],"packages/window_manager/images/ic_chrome_unmaximize.png":["packages/window_manager/images/ic_chrome_unmaximize.png"]}